تاریخ,عنوان,اولویت,ماژول‌ها,سین,ID,وضعیت
1404/09/19,جلسه شیشم میزبان محمدصالح,low,"[{""type"":""game"",""name"":""بادکمبت"",""desc"":"""",""items"":[{""name"":""بادکنک"",""type"":""buy""}]},{""type"":""story"",""name"":""داستان همنشین حضرت موسی "",""desc"":"""",""items"":[{""name"":""کلاه گیس"",""type"":""have""},{""name"":""نامه اول جزیره"",""type"":""buy""},{""name"":""چتر"",""type"":""have""},{""name"":""عینک افتابی"",""type"":""have""}]},{""type"":""other"",""name"":""هدیه روز مادر طرح فلش "",""desc"":""فلش های که به فلش بعدی اشاره دارن تا مادر با دنبال کردنشون برسه به دل نوشته بچه ها"",""items"":[{""name"":""پرینت کاغذ ها"",""type"":""buy""}]}]","۱۸:۳۰ تا ۱۸:۴۵ آنچه گذشت

 ۱۸:۴۵ تا ۱۹:۲۰ بازی 
بادکمبت

۱۹:۲۵ تا ۱۹:۴۵ پذیرایی و داستان
همنشین حضرت موسی

 ۱۹:۴۵ تا ۲۰:۳۰ ساخت کاردستی و هدیه روز مادر ",1767381788525,Active
۱۴۰۴/۰۹/۲۶,جلسه هفتم میزبان عماد,low,"[{""type"":""game"",""name"":""قل بال "",""desc"":"""",""items"":[{""name"":""توپ پینگ پنگ"",""type"":""have""},{""name"":""لیوان"",""type"":""have""},{""name"":""چسب"",""type"":""have""}]},{""type"":""story"",""name"":""جهانگرد و جزیره پازونگا"",""desc"":"""",""items"":[{""name"":""کلاه گیس"",""type"":""buy""},{""name"":""چتر"",""type"":""buy""},{""name"":""چتر"",""type"":""have""}]},{""type"":""yade_hazrat"",""name"":""یاد حضرت جهانگرد و جزیره پازونگا"",""desc"":"""",""items"":[]}]","18:30 تا 18:50 
مرور سریع قوانین ، سوال درباره اتفاقی که بعد از اینکه هدیه رو دادن به اولیا ری اکشن چی بوده 

18:50 تا 19:30 
داستان جهانگرد و یاد حضرتش

19:30 تا 19:45 پذیرایی 

19:45 تا 20:30 
بازی قل بال
",1767382153858,Active
۱۴۰۴/۱۰/۰۳,جلسه هشتم میزبان علی مجردی,low,"[{""type"":""game"",""name"":""تیر و سپر "",""desc"":"""",""items"":[{""name"":""زوبین"",""type"":""have""},{""name"":""لیوان"",""type"":""have""},{""name"":""توپ"",""type"":""have""}]},{""type"":""yade_hazrat"",""name"":""یاد حضرت بازی سپر "",""desc"":"""",""items"":[]},{""type"":""story"",""name"":""داستان مرد اصفهانی و امام هادی علیه السلام"",""desc"":""به مناسبت شهادت حضرت امام هادی علی السلام"",""items"":[]}]","۱۸:۳۰ تا ۱۸:۵۰ تجمیع 
پرسش درباره شغل اینده بچه ها و دعا

۱۸:۵۰ تا ۱۹:۴۵ بازی سپر و یاد حضرتش

۱۹:۴۵ تا ۲۰:۱۵ داستان مرد اصفهانی و امام هادی علیه السلام 

۲۰:۱۵ تا ۲۰:۳۰ پذیرایی ",1767382851613,Active
۱۴۰۴/۱۰/۱۰,جلسه نهم میزبان مهدیار شکوری,low,"[{""type"":""game"",""name"":""جرثقیل بادکنکی"",""desc"":"""",""items"":[{""name"":""بادکنک"",""type"":""have""},{""name"":""لیوان"",""type"":""have""}]},{""type"":""yade_hazrat"",""name"":""سلام "",""desc"":"""",""items"":[{""name"":""پرینت کاغذش"",""type"":""buy""}]},{""type"":""story"",""name"":""قسمت اول عماد الدین بازرگان"",""desc"":"""",""items"":[{""name"":""لباس پاره"",""type"":""have""},{""name"":""سنگ پا"",""type"":""have""},{""name"":""کیف به عنوان اسب طلایی"",""type"":""have""}]}]","18:30 تا 18:50
اومدن بچه ها دعا و انچه گذشت

18:50تا 19:15 
یاد حضرت سلام و بازیش

19:15 تا 19:45 
داستان عماد الدین 

19:45 تا 20
پذیرایی

20 تا 20:30 
بازی",1767383052193,Active
۱۴۰۴/۱۰/۱۷,جلسه دهم منزل مهدیار خاطریان,low,"[{""type"":""game"",""name"":""بازی یادحضرت طاووس"",""desc"":""لوازم برای نشون دادن عکس ها "",""items"":[{""name"":""لبتاب"",""type"":""have""},{""name"":""hdmi"",""type"":""have""}]},{""type"":""story"",""name"":""ابزار ها (محتوای روز پدر)"",""desc"":"""",""items"":[{""name"":""پتو"",""type"":""buy""},{""name"":""لامپ شارژی"",""type"":""have""},{""name"":""لیوان پلاستیکی و کیسه فریزر"",""type"":""buy""}]},{""type"":""yade_hazrat"",""name"":""یادحضرت طاووس"",""desc"":"""",""items"":[]},{""type"":""other"",""name"":""هدیه روز پدر ابزار ها( جعبه ابزار)"",""desc"":"""",""items"":[{""name"":""پرینت کاغذ ها"",""type"":""have""},{""name"":""قیچی و چسب"",""type"":""have""}]}]","18:30 تا 18:45
 شروع بازی مخصوص این خونه

18:45 تا 18:50 
دعا

18:50 تا 19:15 
بازی یادحضرت طاووس

19:15 تا 19:25 
یادحضرت طاووس

19:25 تا 19:35
پذیرایی

19:35 تا 19:50 
نمایش ابزار ها

19:50 تا 20:30 
درست کردن کاردستی ",1767779719716,Active
۱۴۰۴/۱۱/۱,جلسه یازدهم خونه سجاد,low,"[{""type"":""game"",""name"":""مهره تاور "",""desc"":"""",""items"":[{""name"":""مهره"",""type"":""have""},{""name"":""سیخ کباب"",""type"":""have""}]},{""type"":""story"",""name"":""داستان انگیزشی نیمه شعبان حضرت یوسف"",""desc"":"""",""items"":[]}]","18:30 تا 18:45
 شروع بازی مخصوص این خونه

18:45 تا 18:50 
دعا

18:50 تا 19:20
بازی مهره تاور

19:15 تا 19:45
داستان انگیزشی1

19:45 تا 20
پذیرایی و یاد حضرت

20 تا 20:30
صحبت درباره جشن و مسئولیت ها",1769118889922,Active
1404/11/08,جلسه دوازدهم خونه محمدمهدی,high,"[{""type"":""game"",""name"":""تورنادو"",""desc"":"""",""items"":[{""name"":""چسب کاغذی"",""type"":""buy""}]},{""type"":""story"",""name"":""داستان انگیزشی ۱"",""desc"":"""",""items"":[]},{""type"":""other"",""name"":""برگه صله مراسم نیمه شعبان برای اولیا"",""desc"":"""",""items"":[]}]","۱۸:۳۰ تا ۱۸:۴۵ 
بازی این خونه هوپ

۱۸:۴۵ تا ۱۸:۵۰ 
دعا و شروع 

۱۸:۵۰ تا ۱۹:۲۰ 
بازی تورنادو

۱۹:۲۰ تا ۱۹:۵۰ 
داستان انگیزشی ۱

۱۹:۵۰ تا ۲۰:۳۰ 
پذیرایی و صحبت درباره نیمه و مسئولیت ها",1769494545218,Active
۱۴۰۴/۱۱/۱۴,اردو,low,"[{""type"":""trip"",""name"":""جشن پشت خطی های دبستان صدف"",""desc"":"""",""items"":[]}]",۱۶:۳۰ تا ۱۹,1770138550217,Active
۱۴۰۴/۱۱/۱۷,جشن کلاسی بچه ها,low,"[{""type"":""yade_hazrat"",""name"":""مهمونی پادشاه مناسب جشن"",""desc"":"""",""items"":[]},{""type"":""yade_hazrat"",""name"":""ذوالقرنین و غار تاریک"",""desc"":"""",""items"":[]},{""type"":""yade_hazrat"",""name"":""نبود صاحب اصلی جشن و عدد بزرگ رویه شمع"",""desc"":"""",""items"":[]}]"," ۹ تا ۱۶:۳۰ اماده سازی 
 ۱۷ تا ۲۰ جشن
۲۰:۳۰ تا ۲۲ جمع اوری
",1770446973004,Active
1404/11/29,جلسه سیزدهم ,low,"[{""type"":""game"",""name"":""فلش( قاپر)"",""desc"":"""",""items"":[{""name"":""توپ"",""type"":""have""}]},{""type"":""story"",""name"":""قسمت دوم عمادالدین بازرگان "",""desc"":"""",""items"":[{""name"":""تاج"",""type"":""buy""},{""name"":""چادر برای شنل"",""type"":""buy""}]},{""type"":""yade_hazrat"",""name"":""شروع ماه رمضان و هدیه روضه به امام زمان"",""desc"":""توضیح خلاصه ای از ماه رمضون و چندین برابر شدن ثواب ها و در قل و زنجیر بودن شیطان"",""items"":[]}]","
۱۸:۳۰ تا ۱۸:۴۵ دعا و بازی اول این خونه( گل یا پوچ)

۱۸:۴۵ تا ۱۹:۰۰ 
نقد جشن و جوایز

۱۹ تا ۱۹:۳۰ 
قسمت دوم عماد الدین

۱۹:۳۰ تا ۱۹:۴۵ پذیرایی

۱۹:۴۵ تا ۲۰:۱۵ بازی

۲۰:۱۵ تا ۲۰:۳۰ محتوای ماه رمضون",1771448422365,Active
1404/12/1,اردو اول سالن فوتبال ,low,"[{""type"":""trip"",""name"":""سالن شهرستانی "",""desc"":"""",""items"":[]}]","
ساعت ۲۰ الی ۲۲ ",1771680896447,Active
1404/12/06,جلسه چهاردهم ,low,"[{""type"":""other"",""name"":""حمل توپ پینگ پنگ با قاشق "",""desc"":""باید یک توپ بزارن رویه قاشق و قاشق با دهنشون بگیرن و ببرن\nزمانی که سرود پخش شد در حد ده ثانیه میتونن توپ هارو با دست حمل بکنن"",""items"":[{""name"":""قاشق"",""type"":""have""},{""name"":""توپ پینگ پنگ"",""type"":""have""}]},{""type"":""other"",""name"":""محتوای سگانه خوابیدن و نفس کشیدن و قران خوندن در ماه رمضون"",""desc"":""خوابیدن (پروژه انتقال اجسام در حالت سکون مطلق) جا به جا کردن کوه تو خواب منظوره، تماس با خرس قطبی \n\nتند تند نفس کشیدن\n\nقران هر یک دور چند روز طول میکشه خوندنش و.."",""items"":[]}]","۱۷ تا ۱۷:۱۵ 
جمع شدن بچه ها و بازی دست ها

۱۷:۱۵ تا ۱۷:۳۰ 
ماجرای خواب تو ماه رمضون و گریز محتواییش

۱۷:۳۰ تا ۱۷:۴۰
وضو گرفتن برای نماز 

۱۷:۴۰ تا ۱۷:۵۵ نماز

۱۷:۵۵ تا ۱۸:۵۰ افطار

۱۸:۵۰ تا ۱۹ 
محتوای نفس کشیدن و محتواش

۱۹ تا ۱۹:۴۰ 
بازی حمل توپ با قاشق 


۱۹:۴۰ تا ۲۰ 
محتوای قران و ماه رمضون",1772048991768,Active
۱۴۰۴/۱۲/۲۰,جلسه پونزدهم,low,"[{""type"":""game"",""name"":""بادیگارد"",""desc"":"""",""items"":[{""name"":""لیوان"",""type"":""have""},{""name"":""توپ پینگ پنگ"",""type"":""have""}]},{""type"":""story"",""name"":""متاترون"",""desc"":"""",""items"":[{""name"":""پاکت نامه"",""type"":""have""},{""name"":""پاکت نامه طلایی"",""type"":""have""},{""name"":""اسپیکر"",""type"":""have""}]},{""type"":""yade_hazrat"",""name"":""نوشتن نامه ،شب های قدر"",""desc"":"""",""items"":[{""name"":""کاغذ رنگی"",""type"":""have""},{""name"":""پاکت نامه"",""type"":""have""},{""name"":""خودکار"",""type"":""have""}]}]","۱۷ تا ۱۷:۳۰ 
دعا و اومدن بچه ها و بازی خونه (دست به دست)

۱۷:۳۰ تا ۱۷:۴۵ 
صحبت درباره امیرالمومنین 

۱۷:۴۵ تا ۱۷:۵۵ 
وضو و جای نماز

۱۷:۵۵ تا ۱۸:۴۵ 
نماز و افطار 

۱۸:۴۵ تا ۱۹:۱۵ 
بازی بادیگارد 

۱۹:۱۵ تا ۱۹:۴۵ 
داستان متاترون 

۱۹:۴۵ تا ۲۰
یادحضرت و نوشتن ارزوها",1773280072589,Active
۱۴۰۴/۱۲/۲۷,جلسه شونزدهم,low,"[{""type"":""other"",""name"":""منجوان"",""desc"":"""",""items"":[{""name"":""منجنیق"",""type"":""have""},{""name"":""لیوان"",""type"":""have""}]},{""type"":""other"",""name"":""زنگوله طلایی"",""desc"":"""",""items"":[{""name"":""زنگوله"",""type"":""have""}]},{""type"":""other"",""name"":""یادحضرت زنگوله طلایی "",""desc"":"""",""items"":[]},{""type"":""other"",""name"":""آنچه در سال ۱۴۰۵ خواهید دید"",""desc"":"""",""items"":[]}]","۱۷ تا ۱۷:۴۵ 
دعا و بازی منجنیق

۱۷:۴۵ تا ۱۷:۵۵ 
وضو و جای نماز و صحبت درباره نکته نماز
و صحبت درباره روز اخر ماه رمضون 

۱۸ تا ۱۹
نماز و افطار 

۱۹ تا ۱۹:۳۰
داستان زنگوله

۱۹:۳۰ تا ۱۹:۴۰ 
یادحضرت 

۱۹:۴۰ تا ۲۰
انچه در سال اینده خواهید دید",1774487307300,Active
۱۴۰۵/۱/۱۹,جلسه هفتهم میزبانی علی,low,"[{""type"":""game"",""name"":""موشک"",""desc"":"""",""items"":[{""name"":""کاغذ اچار"",""type"":""have""}]},{""type"":""yade_hazrat"",""name"":""یادحضرت موشک "",""desc"":"""",""items"":[]}]","۱۸ الی  ۱۸:۲۰ 
دعا و بازی اول «شایعه» «زمان»

۱۸:۳۰ الی ۱۸/۴۵ 
نکته نماز«خم شدن رکوع » «زمان»

۱۸/۴۵ الی ۱۹/۲۰ 
بازی موشک و ساخت موشک«بهمن»

۱۹/۲۰ الی ۱۹/۳۵ 
پذیرایی و نفر اول پرهام «زمان» 

۱۹/۳۵ الی ۱۹/۵۰ 
یادحضرت ثقلین «بهمن»

۱۹/۵۰ الی ۲۰ 
اعلام اردو بوکا «قانع»",1775699763022,Active
۱۴۰۵/۱/۲۱,اردو دوم سالن بوکا اقای حیدری,low,"[{""type"":""trip"",""name"":""سالن بوکا اقای حیدری"",""desc"":"""",""items"":[]}]","18:45 تا 19 تجمیع
19 تا 21 سالن و پذیرایی",1775804794334,Active
۱۴۰۵/۱/۲۶,جلسه هجدهم منزل سجاد,low,"[{""type"":""game"",""name"":""دو دوز"",""desc"":"""",""items"":[{""name"":""طلق دوز"",""type"":""have""}]},{""type"":""story"",""name"":""داستان دانیال جعفرپور(کمک کردن)"",""desc"":"""",""items"":[{""name"":""اکسسوری های نمایش"",""type"":""have""}]},{""type"":""yade_hazrat"",""name"":""یاد حضرت داستان دانیال جعفرپور و داستان امام صادق علیه السلام"",""desc"":"""",""items"":[]}]","۶ تا ۶:۱۵ اومدن بچه ها و سنگد کاغذ قیچی گروهی
۶:۱۵ تا ۶:۴۵ نماز جماعت و نکته نماز الیاس(زودتر از امام جماعت کاری نکنیم)
۶:۴۵ تا ۷:۱۵
داستان کمک و یادحضرتش 
۷:۱۵ تا ۷:۳۰ پذیرایی
۷:۳۰ تا ۸ بازی دو دوز",1776459045185,Active